"Timestamp","Have you ever used a Nokia phone before?","What do you relate Nokia with the most?","Rate the following feature of Nokia: Operating System","Rate the following feature of Nokia: Battery life","Rate the following feature of Nokia: User interface","Rate the following feature of Nokia: Durability","Rate the following feature of Nokia: Price","Rate the following feature of Nokia: Hardware and External Looks","Rate the following feature of Nokia: Customer Service.","Rate the following feature of Nokia: Camera and Screen Resolution","Rate the following feature of Nokia: Messaging","Rate the overall level of satisfaction from using a Nokia phone.","According to you what contributed to Nokia's failure?","What did we forgot to ask you about Nokia ?","Did you find the Lumia series by Microsoft better than the original Nokia handsets?","Did you own any of Lumia series handsets by Microsoft ?","What did you liked about the phone ?","What other good things we did not asked about Lumia ?","What did you disliked about Nokia Lumia ?","What other bad things we did not asked about Nokia Lumia ?","Would you prefer Nokia over all the other mobile brands present today?","Are you a current or past shareholder at Nokia ?","Please rate Nokia's management based on your overall experience with them"
"2018/08/23 2:05:13 AM GMT+5:30","Yes","Nokia: Connecting People;Nokia Ringtone;Gaming Options: Snakes/ Space Impact/ Bounce","2","5","3","5","4","3","4","3","4","3","Operating system or user interface;Relutance towards adopting Android","","Yes","Yes","Windows Brand","-","","","No","No",""
"2018/08/23 7:14:28 AM GMT+5:30","Yes","Nokia Ringtone;Battey Life;Sturdy and Robust Hardware;Affordable Prices;The very first personal mobile phone;Gaming Options: Snakes/ Space Impact/ Bounce","2","5","4","5","4","3","2","3","3","4","Relutance towards adopting Android;Not only Nokia was miopic in its vision, the competitors (specially apple and Samsung) were quick at their game. ","","No","No","","","I dont want Windows in my phone;I already had a better phone","NA","No","No",""
"2018/08/23 8:38:01 AM GMT+5:30","Yes","Sturdy and Robust Hardware","4","4","3","4","5","3","3","2","3","3","Lack of new and better features in the phone","","Yes","Yes","Windows Brand","Window's Lumia actually made Nokia phones stay in the market for quite longer","","","No","No",""
"2018/08/23 10:11:58 AM GMT+5:30","Yes","The very first personal mobile phone","2","3","3","4","4","1","3","2","2","2","Lack of new and better features in the phone;Relutance towards adopting Android","","No","No","","","Windows phones dont have the variety of apps Android gives me;I dont want Windows in my phone","Main reason ","No","No",""
"2018/08/23 5:50:47 PM GMT+5:30","Yes","Battey Life;Affordable Prices;The very first personal mobile phone;Gaming Options: Snakes/ Space Impact/ Bounce","3","3","3","3","3","3","3","3","3","3","Lack of new and better features in the phone;Operating system or user interface","","Yes","Yes","Nokia Brand;Windows Brand;Design;Pricing","Camera quality","","","No","No",""
"2018/08/23 5:52:28 PM GMT+5:30","Yes","Battey Life;Sturdy and Robust Hardware","3","5","2","5","3","2","2","1","3","3","Operating system or user interface;Customer Service","","Yes","Yes","Nokia Brand","A lot of things ","","","No","No",""
"2018/08/23 5:55:53 PM GMT+5:30","Yes","Nokia Ringtone;The very first personal mobile phone;Gaming Options: Snakes/ Space Impact/ Bounce","3","4","4","4","4","4","3","4","4","4","Presence of cheaper options in the market;Operating system or user interface;Relutance towards adopting Android","","No","No","","","Windows phones dont have the variety of apps Android gives me","UI was not very good","No","No",""
"2018/08/23 5:57:46 PM GMT+5:30","Yes","Battey Life;Sturdy and Robust Hardware;Affordable Prices;The very first personal mobile phone;Gaming Options: Snakes/ Space Impact/ Bounce","5","4","4","5","5","5","4","4","3","5","Lack of new and better features in the phone;Relutance towards adopting Android","","Yes","Yes","Windows Brand","Lumia's design is excellent","","","Yes","No",""
"2018/08/23 6:11:44 PM GMT+5:30","Yes","Battey Life;Sturdy and Robust Hardware;Affordable Prices;The very first personal mobile phone;Messaging","5","5","5","5","4","4","5","5","5","5","Operating system or user interface;Relutance towards adopting Android","","No","Yes","Nokia Brand;Messaging;Pricing","Nothing","","","No","No",""
"2018/08/23 6:43:53 PM GMT+5:30","Yes","Sturdy and Robust Hardware;Gaming Options: Snakes/ Space Impact/ Bounce","3","5","3","5","4","4","3","2","3","4","Lack of new and better features in the phone;Operating system or user interface;Relutance towards adopting Android","","No","No","","","Windows phones dont have the variety of apps Android gives me;The design was not cool","Can't think any more","No","Yes","5"
"2018/08/23 7:45:33 PM GMT+5:30","Yes","Battey Life;The very first personal mobile phone;Gaming Options: Snakes/ Space Impact/ Bounce","3","4","4","4","4","3","3","4","3","3","Lack of new and better features in the phone","","No","No","","","I already had a better phone","NA","No","Yes","7"
"2018/08/23 8:26:03 PM GMT+5:30","Yes","Nokia: Connecting People","3","5","2","5","3","2","3","4","3","3","Lack of new and better features in the phone;Operating system or user interface","","No","No","","","Windows phones dont have the variety of apps Android gives me","User friendly ","No","Yes","6"
"2018/08/23 10:19:53 PM GMT+5:30","Yes","Nokia: Connecting People;Nokia Ringtone;Sturdy and Robust Hardware","4","4","4","5","4","4","4","4","4","4","Operating system or user interface;Relutance towards adopting Android","I think almost everything is covered","No","Yes","Nokia Brand;Design","Why Lumia did not succeed","","","No","No",""
"2018/08/23 10:29:21 PM GMT+5:30","Yes","Nokia Ringtone;Battey Life;Sturdy and Robust Hardware;Affordable Prices;The very first personal mobile phone;Gaming Options: Snakes/ Space Impact/ Bounce;Messaging","1","5","5","5","5","4","5","1","5","4","Lack of new and better features in the phone;Operating system or user interface;Relutance towards adopting Android","","No","Yes","Nokia Brand;Messaging;Pricing","Nothing","","","No","No",""
"2018/08/23 11:51:00 PM GMT+5:30","Yes","Nokia: Connecting People","4","5","4","4","4","3","5","4","4","4","Presence of cheaper options in the market","","Yes","No","","","I already had a better phone"," .","No","No",""
"2018/08/23 11:59:52 PM GMT+5:30","Yes","Nokia Ringtone;Sturdy and Robust Hardware;The very first personal mobile phone","4","4","4","5","3","5","4","4","4","4","Presence of cheaper options in the market;Relutance towards adopting Android","","No","No","","","Windows phones dont have the variety of apps Android gives me","Lack of features","No","No",""
"2018/08/24 12:01:23 AM GMT+5:30","Yes","Battey Life;Affordable Prices","4","4","4","4","5","5","5","5","5","5","Lack of new and better features in the phone","","Yes","No","","","Windows phones dont have the variety of apps Android gives me;I dont want Windows in my phone;The design was not cool;Ram is also not sufficient ","The looks ","No","No",""
"2018/08/24 12:05:18 AM GMT+5:30","No","Nokia: Connecting People","3","5","4","5","5","4","3","3","5","4","Relutance towards adopting Android","","Yes","No","","","Windows phones dont have the variety of apps Android gives me;I dont want Windows in my phone","Sysetm's advancement","Yes","No",""
"2018/08/24 12:10:58 AM GMT+5:30","Yes","Nokia: Connecting People;Nokia Ringtone;Battey Life;The very first personal mobile phone;Gaming Options: Snakes/ Space Impact/ Bounce","2","4","1","4","3","2","5","3","2","3","Operating system or user interface;Relutance towards adopting Android","","No","Yes","Nokia Brand","User interface","","","No","No",""
"2018/08/24 12:12:55 AM GMT+5:30","No","Nokia: Connecting People","3","3","4","4","2","3","2","3","4","4","Lack of new and better features in the phone","About storage ","No","Yes","Pricing","You asked everything ","","","No","No",""
"2018/08/24 12:24:23 AM GMT+5:30","Yes","The very first personal mobile phone","4","4","2","3","4","5","5","5","5","5","Lack of new and better features in the phone","","No","No","","","I already had a better phone","Don't know ","No","Yes","5"
"2018/08/24 12:24:58 AM GMT+5:30","Yes","Battey Life;Gaming Options: Snakes/ Space Impact/ Bounce","3","5","2","4","5","3","4","3","4","4","Lack of new and better features in the phone","","Yes","Yes","Nokia Brand;Windows Brand","It's features and battery durability ","","","No","Yes","7"
"2018/08/24 12:26:01 AM GMT+5:30","Yes","Nokia: Connecting People;Nokia Ringtone;Battey Life;Sturdy and Robust Hardware;Affordable Prices;Nokia Operating System: Symbian;The very first personal mobile phone;Gaming Options: Snakes/ Space Impact/ Bounce;Messaging","5","5","5","5","5","5","5","5","5","5","Lack of new and better features in the phone;Operating system or user interface","","No","Yes","Windows Brand","Camera","","","No","Yes","7"
"2018/08/24 12:29:35 AM GMT+5:30","Yes","The very first personal mobile phone","3","4","2","4","4","3","3","3","3","3","Lack of new and better features in the phone;Operating system or user interface;Relutance towards adopting Android;Customer Service","","No","Yes","Pricing","Nop","","","No","No",""
"2018/08/24 12:49:31 AM GMT+5:30","No","Battey Life","3","4","3","5","4","3","3","3","4","4","Lack of new and better features in the phone","","No","No","","","I dont want Windows in my phone;I already had a better phone","Its camera quality is not good","No","No",""
"2018/08/24 1:08:32 AM GMT+5:30","Yes","Nokia: Connecting People;Battey Life","5","5","5","5","5","5","5","5","5","5","Customer Service","","Yes","Yes","Nokia Brand;Design","Speed
","","","No","Yes","7"
"2018/08/24 1:23:03 AM GMT+5:30","Yes","Nokia Ringtone;Battey Life;Sturdy and Robust Hardware;Affordable Prices;Nokia Operating System: Symbian;The very first personal mobile phone;Gaming Options: Snakes/ Space Impact/ Bounce","2","5","3","5","4","3","3","4","3","4","Lack of new and better features in the phone;Operating system or user interface","","No","No","","","I dont want Windows in my phone;The design was not cool","The whole experience was as if operating a laptop on a tiny screen.","No","No",""
"2018/08/24 8:36:46 AM GMT+5:30","Yes","Nokia Ringtone;Affordable Prices","4","4","4","4","4","3","3","3","3","3","Lack of new and better features in the phone;Relutance towards adopting Android","","Yes","No","","","Windows phones dont have the variety of apps Android gives me","Nothing ","No","No",""
"2018/08/24 9:58:59 AM GMT+5:30","Yes","The very first personal mobile phone","3","5","4","5","4","3","3","3","4","4","Relutance towards adopting Android","","No","No","","","I already had a better phone","No one","No","No",""
"2018/08/24 10:58:40 AM GMT+5:30","Yes","Nokia Ringtone;Sturdy and Robust Hardware;The very first personal mobile phone","4","5","5","5","5","4","5","3","5","5","Operating system or user interface;Relutance towards adopting Android","na","No","Yes","Nokia Brand","Ease of using windows on mobile ","","","No","No",""
"2018/08/24 11:52:11 AM GMT+5:30","Yes","Sturdy and Robust Hardware","3","5","4","5","5","4","4","2","3","4","Lack of new and better features in the phone","","Yes","No","","","Windows phones dont have the variety of apps Android gives me",".","No","No",""
"2018/08/24 12:29:41 PM GMT+5:30","Yes","Nokia: Connecting People;Nokia Ringtone;Battey Life;Affordable Prices;The very first personal mobile phone;Gaming Options: Snakes/ Space Impact/ Bounce","3","5","3","5","4","2","3","1","2","4","Lack of new and better features in the phone;Relutance towards adopting Android","NA","Yes","No","","","Windows phones dont have the variety of apps Android gives me;I dont want Windows in my phone","NA","No","No",""
"2018/08/24 1:57:24 PM GMT+5:30","Yes","The very first personal mobile phone","3","4","3","5","5","2","3","3","4","3","Lack of new and better features in the phone","","Yes","No","","","Nokia is a fuddy-duddy brand now. Who will buy Nokia ?","Durability","No","No",""
"2018/08/24 4:20:16 PM GMT+5:30","Yes","Battey Life;Sturdy and Robust Hardware;Affordable Prices;The very first personal mobile phone","3","5","4","5","5","5","4","3","3","3","Lack of new and better features in the phone;Operating system or user interface;Relutance towards adopting Android","","Yes","No","","","Windows phones dont have the variety of apps Android gives me;I dont want Windows in my phone","battery life and performance of the phone","No","No",""
"2018/08/24 4:22:43 PM GMT+5:30","Yes","Sturdy and Robust Hardware","2","4","4","4","4","3","3","3","3","3","Operating system or user interface","Will people prefer Nokia if they change their OS to Android or some new OS!","Yes","No","","","I dont want Windows in my phone","-","No","No",""
"2018/08/24 4:23:34 PM GMT+5:30","Yes","Nokia Ringtone;Battey Life;Sturdy and Robust Hardware;Affordable Prices","4","5","5","5","5","4","4","4","4","4","Relutance towards adopting Android","no","No","Yes","Nokia Brand;Pricing","NA","","","Yes","No",""
"2018/08/24 4:31:55 PM GMT+5:30","Yes","Nokia Ringtone;Nokia Operating System: Symbian","1","4","2","4","3","5","3","5","4","2","Operating system or user interface;Relutance towards adopting Android","NA","No","No","","","Windows phones dont have the variety of apps Android gives me;The design was not cool;Messaging (Keyboard) was not good","NA","No","No",""
"2018/08/24 4:35:05 PM GMT+5:30","Yes","Battey Life;Affordable Prices;The very first personal mobile phone","3","5","4","5","4","3","4","4","4","4","Lack of new and better features in the phone","","No","No","","","Windows phones dont have the variety of apps Android gives me;The design was not cool;Camera was not good","Nokia Lumia looked clumsy and not appealing","No","No",""
"2018/08/24 4:46:40 PM GMT+5:30","Yes","Battey Life;Sturdy and Robust Hardware;The very first personal mobile phone","3","5","3","4","4","4","4","3","4","4","Lack of new and better features in the phone;Relutance towards adopting Android","","Yes","Yes","Nokia Brand","-","","","Yes","No",""
"2018/08/24 5:03:51 PM GMT+5:30","Yes","Nokia: Connecting People;Nokia Ringtone;Battey Life;Affordable Prices;Gaming Options: Snakes/ Space Impact/ Bounce","4","5","5","5","5","3","3","2","3","4","Lack of new and better features in the phone;Operating system or user interface;Relutance towards adopting Android","","Yes","Yes","Windows Brand;Design","change in interface and camera quality","","","No","No",""
"2018/08/24 5:05:17 PM GMT+5:30","Yes","Nokia Ringtone","3","3","3","3","3","3","3","3","3","3","Lack of new and better features in the phone","","No","No","","","I already had a better phone","Does Nokia hold the power to make a comeback?","No","Yes","5"
"2018/08/24 5:07:38 PM GMT+5:30","Yes","Nokia: Connecting People;Nokia Ringtone;Sturdy and Robust Hardware;Affordable Prices;The very first personal mobile phone","3","3","2","5","5","2","4","3","3","4","Lack of new and better features in the phone;Operating system or user interface;Relutance towards adopting Android","","Yes","No","","","I already had a better phone","I have not personally used lumia till now","No","No",""
"2018/08/24 5:09:55 PM GMT+5:30","Yes","Nokia: Connecting People;Nokia Ringtone;The very first personal mobile phone","4","3","4","5","5","1","3","1","2","5","Relutance towards adopting Android","","No","No","","","Windows phones dont have the variety of apps Android gives me;I dont want Windows in my phone;Camera was not good","Nothing as such.","Yes","No",""
"2018/08/24 5:31:43 PM GMT+5:30","Yes","Nokia Ringtone;Battey Life;Sturdy and Robust Hardware;Affordable Prices;The very first personal mobile phone","3","5","3","5","5","3","3","5","3","4","Lack of new and better features in the phone;Operating system or user interface;Relutance towards adopting Android","Nothing","Yes","No","","","Windows phones dont have the variety of apps Android gives me;The design was not cool;I already had a better phone","operating system","No","Yes","8"
"2018/08/24 6:17:57 PM GMT+5:30","Yes","Nokia Ringtone;Battey Life;Sturdy and Robust Hardware;Affordable Prices;The very first personal mobile phone;Gaming Options: Snakes/ Space Impact/ Bounce;Messaging","3","4","4","4","4","4","5","3","3","4","Lack of new and better features in the phone;Operating system or user interface","","No","Yes","Design;Pricing","NA","","","No","No",""
"2018/08/24 7:17:18 PM GMT+5:30","Yes","Nokia: Connecting People;Battey Life;Affordable Prices;The very first personal mobile phone;Messaging","3","5","4","5","5","4","4","2","4","4","Lack of new and better features in the phone;Operating system or user interface","Logo","No","No","","","Windows phones dont have the variety of apps Android gives me","Battery life","No","No",""
"2018/08/24 7:25:55 PM GMT+5:30","Yes","Nokia: Connecting People;Nokia Ringtone;Battey Life;Gaming Options: Snakes/ Space Impact/ Bounce","2","2","2","4","4","4","4","2","2","2","Lack of new and better features in the phone;Operating system or user interface;Relutance towards adopting Android","I own a Nokia now so for me the questions were ambiguous as to whether it's the latest phone or the Lumia series. Assumed it to be Lumia going by your topic. This questionnaire ideally should be floated to Nokia users.","No","Yes","Nokia Brand;Design","NA","","","No","No",""
"2018/08/24 8:36:08 PM GMT+5:30","No","Sturdy and Robust Hardware","2","4","3","5","3","2","4","3","3","2","Lack of new and better features in the phone;Relutance towards adopting Android","NA","Yes","No","","","I already had a better phone","NA","No","No",""
"2018/08/24 9:45:21 PM GMT+5:30","Yes","Battey Life;Sturdy and Robust Hardware;Affordable Prices;The very first personal mobile phone","5","5","4","5","5","4","4","4","5","5","Lack of new and better features in the phone;Operating system or user interface;Relutance towards adopting Android","","No","No","","","I dont want Windows in my phone;The design was not cool","none","No","No",""
"2018/08/25 2:32:32 PM GMT+5:30","Yes","Affordable Prices;The very first personal mobile phone;Gaming Options: Snakes/ Space Impact/ Bounce","3","5","4","5","5","4","3","3","3","4","Relutance towards adopting Android","","No","No","","","Windows phones dont have the variety of apps Android gives me","Na","No","No",""
"2018/08/25 3:07:33 PM GMT+5:30","Yes","Nokia Ringtone;Sturdy and Robust Hardware;The very first personal mobile phone;Gaming Options: Snakes/ Space Impact/ Bounce","3","3","3","4","3","2","2","3","3","3","Lack of new and better features in the phone;Customer Service","","Yes","No","","","I already had a better phone","Social image of Nokia ","No","No",""
"2018/08/25 3:15:18 PM GMT+5:30","Yes","Nokia Ringtone;Battey Life","3","4","5","5","5","4","4","3","3","4","Lack of new and better features in the phone;Operating system or user interface","","No","No","","","Windows phones dont have the variety of apps Android gives me;I dont want Windows in my phone","Nil","No","No",""
"2018/08/25 3:28:47 PM GMT+5:30","Yes","Sturdy and Robust Hardware;The very first personal mobile phone;Gaming Options: Snakes/ Space Impact/ Bounce","4","3","5","5","5","3","3","1","2","3","Lack of new and better features in the phone;Operating system or user interface;Relutance towards adopting Android","","Yes","No","","","Windows phones dont have the variety of apps Android gives me;I dont want Windows in my phone;The design was not cool;Camera was not good","Nil","No","No",""
"2018/08/25 3:34:05 PM GMT+5:30","Yes","Nokia: Connecting People;Nokia Ringtone;The very first personal mobile phone","3","3","3","3","3","4","3","4","3","4","Presence of cheaper options in the market;Operating system or user interface;Customer Service","nokia introduced windows mobile and it was not user friendly and price was high. ","Yes","Yes","Windows Brand","store","","","Yes","No",""
"2018/08/25 5:08:51 PM GMT+5:30","No","Nokia: Connecting People;Nokia Ringtone","4","4","4","4","4","4","4","4","4","4","Presence of cheaper options in the market","Dont know","No","Yes","Nokia Brand","Nothing","","","Yes","Yes","10"
"2018/08/25 5:22:07 PM GMT+5:30","Yes","Nokia: Connecting People;Nokia Ringtone;The very first personal mobile phone;Gaming Options: Snakes/ Space Impact/ Bounce","4","4","4","5","4","4","4","4","4","4","Lack of new and better features in the phone;Customer Service","N/A","No","No","","","Windows phones dont have the variety of apps Android gives me;I dont want Windows in my phone","Looks","No","No",""
"2018/08/25 5:28:51 PM GMT+5:30","Yes","Nokia: Connecting People;Nokia Ringtone;Battey Life;Sturdy and Robust Hardware;Affordable Prices;The very first personal mobile phone;Gaming Options: Snakes/ Space Impact/ Bounce","2","4","3","5","4","3","3","3","3","4","Lack of new and better features in the phone;Operating system or user interface;Relutance towards adopting Android","Which OS was better in Nokia phones: the Symbian OS or the Windows (In later Lumia Versions)","No","No","","","Windows phones dont have the variety of apps Android gives me;The design was not cool;Messaging (Keyboard) was not good","About its OS performance, the overall adaptability to new features coming in market at that time.","No","No",""
"2018/08/25 6:04:53 PM GMT+5:30","Yes","Battey Life;Sturdy and Robust Hardware","1","4","3","5","2","4","4","3","4","3","Operating system or user interface;Relutance towards adopting Android","","Yes","No","","","Windows phones dont have the variety of apps Android gives me","You are very intelligent, didn't miss anything.","No","No",""
"2018/08/25 6:23:21 PM GMT+5:30","Yes","Nokia: Connecting People;Nokia Ringtone;Battey Life;Sturdy and Robust Hardware;Affordable Prices;The very first personal mobile phone","4","5","4","5","4","4","4","4","3","5","Presence of cheaper options in the market;Lack of new and better features in the phone;Relutance towards adopting Android","","No","No","","","Windows phones dont have the variety of apps Android gives me;I already had a better phone","Old phone rebranding is not good . It degrade the value of old one. If you want to relaunch. Then make it extension version","Yes","Yes","7"
"2018/08/25 8:06:54 PM GMT+5:30","Yes","Nokia: Connecting People;Battey Life;Sturdy and Robust Hardware;Affordable Prices;The very first personal mobile phone;Gaming Options: Snakes/ Space Impact/ Bounce;Messaging","3","5","4","5","4","5","3","4","5","4","Presence of cheaper options in the market;Lack of new and better features in the phone;Operating system or user interface;It's windows phone features and app store couldn't compete with android or apple.","","Yes","Yes","Nokia Brand;Design;Messaging;Pricing","N/A","","","No","No",""
"2018/08/25 9:23:06 PM GMT+5:30","Yes","Sturdy and Robust Hardware;Affordable Prices;The very first personal mobile phone","4","4","4","5","5","4","4","4","5","4","Lack of new and better features in the phone;Relutance towards adopting Android","","No","No","","","I dont want Windows in my phone","Null","No","No",""
"2018/08/25 11:26:02 PM GMT+5:30","Yes","Nokia: Connecting People;Nokia Ringtone;Battey Life;Affordable Prices;Gaming Options: Snakes/ Space Impact/ Bounce","2","4","2","4","4","4","3","3","3","3","Presence of cheaper options in the market;Lack of new and better features in the phone;Operating system or user interface;Relutance towards adopting Android","Why they r not adopting smart operating system","Yes","Yes","Nokia Brand","Superfast processing","","","No","No",""
"2018/08/26 5:30:52 PM GMT+5:30","No","Battey Life","4","5","4","4","4","5","4","4","4","4","Lack of new and better features in the phone;Operating system or user interface","","No","No","","","Windows phones dont have the variety of apps Android gives me;I dont want Windows in my phone;The design was not cool","Pricing was high","No","No",""